date,ticker,pct_change_prev_close,day_percent_change,max_day_percent_change,source,title,description,url,same_or_prev
8/19/15,CLUB,32.5,35.9375,36.97916667,bw,"Town Sports International Holdings, Inc. Announces Gregory Bartoli as Chief Operating Officer","Town Sports International Holdings, Inc. (""TSI"" or the ""Company"") (NASDAQ:CLUB) today announced the appointment of Gregory Bartoli as Chief Operating Officer of the Company, effective August 19, 2015....",http://www.businesswire.com/news/home/20150818005401/en/Town-Sports-International-Holdings-Inc.-Announces-Gregory-Bartoli-as-Chief-Operating-Officer,prev
11/6/15,ECOM,45,20.14585233,21.60437557,bw,ChannelAdvisor Promotes Richard Cornetta to Vice President of Finance and Chief Accounting Officer,"ChannelAdvisor Corporation (NYSE:ECOM), a leading provider of cloud-based e-commerce solutions that enable retailers and manufacturers to increase global sales, today announced the promotion of Richar...",http://www.businesswire.com/news/home/20151105006472/en/ChannelAdvisor-Promotes-Richard-Cornetta-to-Vice-President-of-Finance-and-Chief-Accounting-Officer,prev
3/10/16,CBK,41.3,34.17085427,47.73869347,bw,Christopher & Banks Corporation Announces Changes to Board of Directors and Support Agreement with Macellum Capital Management,"Christopher & Banks Corporation (NYSE:CBK), a Minnesota-based retailer of women‚Äôs apparel and accessories, today announced that it has entered into a Support Agreement with Macellum Capital Manage...",http://www.businesswire.com/news/home/20160310005763/en/Christopher-Banks-Corporation-Announces-Changes-to-Board-of-Directors-and-Support-Agreement-with-Macellum-Capital-Management,same
7/15/16,CIDM,77.1,22.59230769,52.30769231,bw,Cinedigm Appoints Ron Chez as New Lead Director,"Cinedigm Corp. (NASDAQ: CIDM) today announced it has appointed Ron Chez as Lead Director to its Board of Directors, following one year as Strategic Advisor to the Company. Ron Chez has served in the r...",http://www.businesswire.com/news/home/20160715005166/en/Cinedigm-Appoints-Ron-Chez-as-New-Lead-Director,same
4/28/17,BCEI,-35.3,-35.26468213,32.03491798,gnw,Bonanza Creek Energy Successfully Completes Prepackaged Financial Restructuring; Emerges From Chapter 11; Announces New Board of Directors,"DENVER, April 28, 2017 (GLOBE NEWSWIRE) -- Bonanza Creek Energy, Inc. (NYSE:BCEI) (‚ÄúBonanza Creek‚Äù or the ‚ÄúCompany‚Äù) today announced that in accordance with and pursuant to its Plan of...",https://www.globenewswire.com/news-release/2017/04/28/974578/0/en/Bonanza-Creek-Energy-Successfully-Completes-Prepackaged-Financial-Restructuring-Emerges-From-Chapter-11-Announces-New-Board-of-Directors.html,same
9/25/18,AGTC,26,24.75247525,33.66336634,gnw,AGTC Appoints William Aliski to its Board of Directors,"GAINESVILLE, Fla. and CAMBRIDGE, Mass., Sept. 24, 2018 (GLOBE NEWSWIRE) -- Applied Genetic Technologies Corporation (NASDAQ: AGTC), a biotechnology company conducting human clinical trials of...",https://www.globenewswire.com/news-release/2018/09/24/1575324/30580/en/AGTC-Appoints-William-Aliski-to-its-Board-of-Directors.html,prev
10/17/18,MOSY,30.1,36.79245283,41.50943396,gnw,MoSys Appoints Two New Independent Directors,"SAN JOSE, Calif., Oct. 17, 2018 (GLOBE NEWSWIRE) -- MoSys, Inc. (NASDAQ: MOSY), a provider of semiconductor solutions that enable fast, intelligent data access for cloud networking, security, test...",https://www.globenewswire.com/news-release/2018/10/17/1622717/0/en/MoSys-Appoints-Two-New-Independent-Directors.html,same
10/19/18,SREV,-46.2,-21.94444444,1.666666667,bw,ServiceSource Appoints Richard G. Walker as Chief Financial Officer,"ServiceSource (NASDAQ: SREV) (the ‚ÄúCompany‚Äù), a global leader in outsourced inside sales, customer success and recurring revenue growth and retention solutions, today announced that Richard G. Walker,...",http://www.businesswire.com/news/home/20181018005910/en/ServiceSource-Appoints-Richard-G.-Walker-as-Chief-Financial-Officer,prev
11/2/18,USX,-30,-21.11111111,0,bw,U.S. Xpress Announces New Chief Operating Officer,"U.S. Xpress Enterprises, Inc. (NYSE:USX) announced today that Matt Herndon is joining the company as Chief Operating Officer for its subsidiary, U.S. Xpress, Inc. Herndon has been in the trucking busi...",http://www.businesswire.com/news/home/20181102005102/en/U.S.-Xpress-Announces-New-Chief-Operating-Officer,same
12/20/18,PIR,-57.6,-49.94680851,4.255319149,bw,"Pier 1 Imports, Inc. Appoints Cheryl A. Bachelder Interim Chief Executive Officer","Pier 1 Imports, Inc. (NYSE:PIR) today announced that Cheryl A. Bachelder, a member of the Company‚Äôs Board of Directors, has been appointed Interim Chief Executive Officer, effective immediately. Ms. B...",http://www.businesswire.com/news/home/20181219005797/en/Pier-1-Imports-Inc.-Appoints-Cheryl-A.-Bachelder-Interim-Chief-Executive-Officer,prev
12/21/18,EDIT,-20.8,-20.39387309,0.218818381,gnw,Editas Medicine Announces Transition of Chief Financial Officer,"CAMBRIDGE, Mass., Dec. 21, 2018 (GLOBE NEWSWIRE) -- Editas Medicine, Inc. (NASDAQ: EDIT), a leading genome editing company, today announced that its Chief Financial Officer, Andrew Hack, M.D.,...",https://www.globenewswire.com/news-release/2018/12/21/1677706/0/en/Editas-Medicine-Announces-Transition-of-Chief-Financial-Officer.html,same
1/7/19,AXGN,-23.2,-20.9178744,1.449275362,gnw,"AxoGen Appoints Christopher Crisman as Vice President, U.S. Sales"," ALACHUA, Fla., Jan. 07, 2019 (GLOBE NEWSWIRE) -- AxoGen, Inc. (NASDAQ: AXGN), a global leader in developing and marketing innovative surgical solutions for damage or discontinuity to...",https://www.globenewswire.com/news-release/2019/01/07/1681344/0/en/AxoGen-Appoints-Christopher-Crisman-as-Vice-President-U-S-Sales.html,same
1/8/19,ANFI,62.5,43,54,bw,"Amira Nature Foods Ltd. Appoints Herv√© Larren as New Board Member, Bringing Experience in Building Brands Internationally, as well as in New Era Supply Chain Technology","Amira Nature Foods Ltd. (the ""Company"") (NYSE: ANFI) approved the appointment of Herv√© Larren as an independent director of the company on the 24th May 2018. ‚ÄúOn behalf of the Company, I want to welco...",http://www.businesswire.com/news/home/20190108005114/en/Amira-Nature-Foods-Ltd.-Appoints-Herv%C3%A9-Larren-as-New-Board-Member-Bringing-Experience-in-Building-Brands-Internationally-as-well-as-in-New-Era-Supply-Chain-Technology,same
1/22/19,ANFI,33.8,34.30544896,36.86364799,bw,"Amira Nature Foods Ltd Announces Appointment of Thomas Dennhardt as CEO of Its German Subsidiary, Amira Basmati Rice GmbH","Amira Nature Foods Ltd (the ""Company"") (NYSE: ANFI), a global provider of packaged Indian specialty rice, today announced the appointment of Thomas Dennhardt to the role of Chief Executive Officer (CE...",http://www.businesswire.com/news/home/20190122005191/en/Amira-Nature-Foods-Ltd-Announces-Appointment-of-Thomas-Dennhardt-as-CEO-of-Its-German-Subsidiary-Amira-Basmati-Rice-GmbH,same
1/30/19,HZN,22.4,21.6374269,28.65497076,bw,Horizon Global Names Barry Steele Chief Financial Officer,"Horizon Global Corporation (NYSE: HZN), one of the world‚Äôs leading manufacturers of branded towing and trailering equipment, today announced that Barry Steele has been named the Company‚Äôs Chief Financ...",http://www.businesswire.com/news/home/20190129005189/en/Horizon-Global-Names-Barry-Steele-Chief-Financial-Officer,prev
2/26/19,STKL,-42.8,-38.88888889,3.439153439,bw,SunOpta Announces CEO Transition,"SunOpta Inc. (‚ÄúSunOpta‚Äù or the ‚ÄúCompany‚Äù) (Nasdaq:STKL) (TSX:SOY), a leading global company focused on organic, non-genetically modified and specialty foods, today announced the termination of David J...",http://www.businesswire.com/news/home/20190226005270/en/SunOpta-Announces-CEO-Transition,same
3/26/19,LTRX,26.8,25.86872587,28.95752896,gnw,Former Micrsosemi President and COO Paul Pickle to Join Lantronix as President and CEO,"IRVINE, Calif., March 25, 2019 (GLOBE NEWSWIRE) -- Lantronix, Inc. (the ‚ÄúCompany‚Äù) (NASDAQ: LTRX), a global provider of secure data access and management solutions for the industrial Internet of...",https://www.globenewswire.com/news-release/2019/03/25/1762135/0/en/Former-Micrsosemi-President-and-COO-Paul-Pickle-to-Join-Lantronix-as-President-and-CEO.html,prev
4/12/19,PCG,20.6,20.33368092,21.06360793,bw,New PG&E Board Announces Additional Leadership Actions,PG&E Corporation (NYSE: PCG) today announced that its newly constituted Board of Directors has taken additional actions to further enhance PG&E‚Äôs safety culture and operational excellence. The...,http://www.businesswire.com/news/home/20190411005931/en/New-PGE-Board-Announces-Additional-Leadership-Actions,prev
4/17/19,TIGR,-27.6,-29.2,0.877777778,gnw,UP Fintech Holding Limited Names Katherine Wei Wu as Global Chief Compliance Officer,"BEIJING, April 16, 2019 (GLOBE NEWSWIRE) -- UP Fintech Holding Limited (‚ÄúUP Fintech‚Äù or the ‚ÄúCompany‚Äù) (NASDAQ: TIGR), a leading online brokerage firm focusing on global Chinese investors, today...",https://www.globenewswire.com/news-release/2019/04/16/1804700/0/en/UP-Fintech-Holding-Limited-Names-Katherine-Wei-Wu-as-Global-Chief-Compliance-Officer.html,prev
6/13/19,DEST,-35,-33.33333333,4.803418803,bw,Destination Maternity Corporation Announces Senior Leadership Transition and Appoints New Board Member,"Destination Maternity Corporation (Nasdaq:DEST) announced today that Marla Ryan, by mutual agreement with the Board of Directors, will step down as Chief Executive Officer, effective June 13, 2019. De...",http://www.businesswire.com/news/home/20190612005913/en/Destination-Maternity-Corporation-Announces-Senior-Leadership-Transition-and-Appoints-New-Board-Member,prev
6/17/19,ABUS,24.7,21.33333333,29.33333333,gnw,"Arbutus Appoints William Collier as Next President & CEO and Announces Retirement of Current President & CEO, Mark J. Murray Ph.D.","WARMINSTER, Pa., June 17, 2019 (GLOBE NEWSWIRE) -- Arbutus Biopharma Corporation (Nasdaq: ABUS), an industry-leading Hepatitis B Virus (HBV) therapeutic solutions company, today announced the...",https://www.globenewswire.com/news-release/2019/06/17/1869528/14025/en/Arbutus-Appoints-William-Collier-as-Next-President-CEO-and-Announces-Retirement-of-Current-President-CEO-Mark-J-Murray-Ph-D.html,same
6/28/19,STON,36.6,34.96932515,34.96932515,gnw,StoneMor Partners L.P. Announces Recapitalization Transactions and Board Changes; Andrew Axelrod Named Chairman of the Board,"TREVOSE, Pa., June 27, 2019 (GLOBE NEWSWIRE) -- StoneMor Partners L.P. (NYSE: STON) (‚ÄúStoneMor‚Äù or the ‚ÄúPartnership‚Äù), a leading owner and operator of 322 cemeteries and 91 funeral homes in 27...",https://www.globenewswire.com/news-release/2019/06/27/1875672/11738/en/StoneMor-Partners-L-P-Announces-Recapitalization-Transactions-and-Board-Changes-Andrew-Axelrod-Named-Chairman-of-the-Board.html,prev
7/30/19,IRMD,33.3,20.5,27.803,gnw,IRADIMED CORPORATION Names Leslie McDonnell as President and Chief Executive Officer,"WINTER SPRINGS, Fla., July 29, 2019 (GLOBE NEWSWIRE) -- IRADIMED CORPORATION (NASDAQ: IRMD) announced today that its Board of Directors unanimously appointed Leslie McDonnell, to succeed Roger Susi...",https://www.globenewswire.com/news-release/2019/07/29/1893197/32443/en/IRADIMED-CORPORATION-Names-Leslie-McDonnell-as-President-and-Chief-Executive-Officer.html,prev
8/6/19,FLGT,27.5,27.29528536,33.37468983,gnw,Fulgent Genetics Names Linda Marsh to Board of Directors,"TEMPLE CITY, Calif., Aug. 05, 2019 (GLOBE NEWSWIRE) -- Fulgent Genetics, Inc. (NASDAQ: FLGT) (‚ÄúFulgent Genetics‚Äù, ‚ÄúFulgent‚Äù or the ‚Äúcompany‚Äù) today announced the addition of Linda Marsh, Senior...",https://www.globenewswire.com/news-release/2019/08/05/1896816/0/en/Fulgent-Genetics-Names-Linda-Marsh-to-Board-of-Directors.html,prev
8/9/19,INWK,58.5,37.6146789,42.81345566,bw,InnerWorkings Announces Cooperation Agreement with Engaged Capital,"InnerWorkings, Inc. (NASDAQ: INWK) (the ‚ÄúCompany‚Äù), the leading global marketing execution firm, today announced that it has entered into a cooperation agreement with Engaged Capital, LLC (‚ÄúEngaged Ca...",http://www.businesswire.com/news/home/20190809005411/en/InnerWorkings-Announces-Cooperation-Agreement-with-Engaged-Capital,same
8/30/19,AFYA,-30.2,-24.56079917,0.585601102,gnw,Afya Limited Announces the Appointment of New Independent Member of Board of Directors and Audit Committee,"NOVA LIMA, Brazil, Aug. 30, 2019 (GLOBE NEWSWIRE) -- Afya Limited, or Afya (Nasdaq: AFYA) today announced the appointment of Rafael Munerato de Almeida to its board of directors and audit committee...",https://www.globenewswire.com/news-release/2019/08/30/1909139/0/en/Afya-Limited-Announces-the-Appointment-of-New-Independent-Member-of-Board-of-Directors-and-Audit-Committee.html,same
9/10/19,DSKE,23.7,24.62686567,25,gnw,Daseke Announces Rightsizing of its Board of Directors,"ADDISON, Texas, Sept. 10, 2019 (GLOBE NEWSWIRE) -- Daseke, Inc. (NASDAQ: DSKE) (‚ÄúDaseke‚Äù or the ‚ÄúCompany‚Äù), the largest flatbed, specialized transportation and logistics solutions company in North...",https://www.globenewswire.com/news-release/2019/09/10/1913842/0/en/Daseke-Announces-Rightsizing-of-its-Board-of-Directors.html,same
10/1/19,OCGN,-23.2,-32.40740741,0.308641975,gnw,"Ocugen Appoints Sanjay S. Subramanian, MBA, as Chief Financial Officer","MALVERN, Pa., Oct. 01, 2019 (GLOBE NEWSWIRE) -- Ocugen, Inc., (NASDAQ: OCGN), a clinical stage biopharmaceutical company focused on discovering, developing and commercializing a pipeline of...",https://www.globenewswire.com/news-release/2019/10/01/1923199/0/en/Ocugen-Appoints-Sanjay-S-Subramanian-MBA-as-Chief-Financial-Officer.html,same
10/8/19,SCON,-57.6,-71.28552496,16.33043734,gnw,Superconductor Technologies Announces Pricing of $3 Million Public Offering,"AUSTIN, Texas, Oct. 08, 2019 (GLOBE NEWSWIRE) -- Superconductor Technologies Inc. (Nasdaq: SCON) (the ‚ÄúCompany‚Äù), a Delaware company, today announced the pricing of a public offering of 12 million...",https://www.globenewswire.com/news-release/2019/10/08/1926866/8942/en/Superconductor-Technologies-Announces-Pricing-of-3-Million-Public-Offering.html,same
10/10/19,SCON,45.2,36.95652174,47.60869565,gnw,Superconductor Technologies Announces Closing of $3 Million Public Offering,"AUSTIN, Texas, Oct. 10, 2019 (GLOBE NEWSWIRE) -- Superconductor Technologies Inc. (Nasdaq: SCON) (the ‚ÄúCompany‚Äù), a Delaware company, today announced the closing of its previously announced public...",https://www.globenewswire.com/news-release/2019/10/10/1928278/8942/en/Superconductor-Technologies-Announces-Closing-of-3-Million-Public-Offering.html,same
10/17/19,WTRH,-44.5,-38.34,0,bw,Waitr Holdings Announces Management and Board Changes,"Waitr Holdings Inc. (Nasdaq: WTRH) (‚ÄúWaitr,‚Äù ‚Äúwe‚Äù or the ‚ÄúCompany‚Äù) today announced that Jeff Yurecko, the Company‚Äôs current Chief Financial Officer, will resign from the position effective November 1...",http://www.businesswire.com/news/home/20191016005793/en/Waitr-Holdings-Announces-Management-and-Board-Changes,prev
10/23/19,AAC,40.9,39.95381062,57.04387991,bw,AAC Holdings Finalizing Agreement with Lenders and Finalizing Appointment of New Independent Board Members,"AAC Holdings, Inc. (NYSE: AAC) today announced that as a result of continued positive discussions with the Company‚Äôs senior secured lenders, the Company expects to enter into an agreement securing add...",http://www.businesswire.com/news/home/20191023005926/en/AAC-Holdings-Finalizing-Agreement-with-Lenders-and-Finalizing-Appointment-of-New-Independent-Board-Members,same
10/24/19,AAC,-23,-32.39130435,0,bw,AAC Holdings Finalizing Agreement with Lenders and Finalizing Appointment of New Independent Board Members,"AAC Holdings, Inc. (NYSE: AAC) today announced that as a result of continued positive discussions with the Company‚Äôs senior secured lenders, the Company expects to enter into an agreement securing add...",http://www.businesswire.com/news/home/20191023005926/en/AAC-Holdings-Finalizing-Agreement-with-Lenders-and-Finalizing-Appointment-of-New-Independent-Board-Members,prev
10/29/19,ISEE,26.5,34.375,40.625,bw,"IVERIC bio Appoints Abraham Scaria, PhD, as Chief Scientific Officer","IVERIC bio, Inc. (NASDAQ:ISEE) announced today the appointment of Abraham Scaria, PhD, to the position of Chief Scientific Officer, effective October 29, 2019. Dr. Scaria will lead the Company‚Äôs resea...",http://www.businesswire.com/news/home/20191029005606/en/IVERIC-bio-Appoints-Abraham-Scaria-PhD-as-Chief-Scientific-Officer,same
10/30/19,ISEE,65.6,76.23762376,78.21782178,bw,"IVERIC bio Appoints Abraham Scaria, PhD, as Chief Scientific Officer","IVERIC bio, Inc. (NASDAQ:ISEE) announced today the appointment of Abraham Scaria, PhD, to the position of Chief Scientific Officer, effective October 29, 2019. Dr. Scaria will lead the Company‚Äôs resea...",http://www.businesswire.com/news/home/20191029005606/en/IVERIC-bio-Appoints-Abraham-Scaria-PhD-as-Chief-Scientific-Officer,prev
11/8/19,RLH,-55.7,-23.73333333,0.533333333,gnw,Red Lion Hotel Corporation Announces CEO Resignation,"DENVER, Nov. 08, 2019 (GLOBE NEWSWIRE) -- Red Lion Hotels Corporation (the ‚ÄúCompany‚Äù) (NYSE: RLH), today announced that its President and Chief Executive Officer, Greg Mount, resigned his position...",https://www.globenewswire.com/news-release/2019/11/08/1943955/30180/en/Red-Lion-Hotel-Corporation-Announces-CEO-Resignation.html,same
12/3/19,CLXT,28.8,28.76712329,40.82191781,bw,Calyxt Appoints Vince Restucci as Vice President of Agronomy Services to Accelerate Expansion,"Calyxt, Inc. (NASDAQ: CLXT), a plant-based technology company focused on healthy food ingredients, has appointed Vince Restucci in a newly created role as Vice President of Agronomy Services to suppor...",http://www.businesswire.com/news/home/20191203005335/en/Calyxt-Appoints-Vince-Restucci-as-Vice-President-of-Agronomy-Services-to-Accelerate-Expansion,same
12/16/19,TA,24.4,20.87431694,21.96721312,bw,TravelCenters of America Inc. Appoints Jonathan Pertchik as Chief Executive Officer and Managing Director,TravelCenters of America Inc. (Nasdaq: TA) today announced that Jonathan M. Pertchik has been appointed as Chief Executive Officer and Managing Director effective immediately. Mr. Pertchik succeeds An...,http://www.businesswire.com/news/home/20191216005184/en/TravelCenters-of-America-Inc.-Appoints-Jonathan-Pertchik-as-Chief-Executive-Officer-and-Managing-Director,same
12/27/19,MIK,32.9,24.03100775,37.98449612,bw,The Michaels Companies Appoints Ashley Buchanan as New CEO,"The Michaels Companies, Inc. (NASDAQ: MIK) today announced that Ashley Buchanan, an experienced retail executive from Walmart, has been named President and Chief Executive Officer Designate and appoin...",http://www.businesswire.com/news/home/20191227005036/en/The-Michaels-Companies-Appoints-Ashley-Buchanan-as-New-CEO,same
1/28/20,VISL,24.5,22.79240253,28.45718094,gnw,Vislink Technologies Appoints Brian Krolicki to its Board of Directors,"HACKETTSTOWN, NJ, Jan. 28, 2020 (GLOBE NEWSWIRE) -- Vislink Technologies, Inc. (‚ÄúVislink‚Äù or the ‚ÄúCompany‚Äù) (NASDAQ: VISL) announced today that Brian Krolicki has been appointed to its board as a...",https://www.globenewswire.com/news-release/2020/01/28/1976420/0/en/Vislink-Technologies-Appoints-Brian-Krolicki-to-its-Board-of-Directors.html,same
1/30/20,DTSS,48.7,38.82282102,150.3888805,gnw,Datasea Announces Cooperation with Dragon Gate Investment Partners,"New York, Jan. 30, 2020 (GLOBE NEWSWIRE) -- Datasea Inc. (NASDAQ: DTSS) (""Datasea"" or the ""Company""), a technology company engaged in providing smart security solutions and developing...",https://www.globenewswire.com/news-release/2020/01/30/1977526/0/en/Datasea-Announces-Cooperation-with-Dragon-Gate-Investment-Partners.html,same
2/21/20,UNT,37,34.08571429,35.71428571,bw,"Unit Corporation Announces David T. Merrill to Succeed Larry D. Pinkston as Chief Executive Officer on April 1, 2020","Unit Corporation (NYSE: UNT) today announced that as part of the company‚Äôs succession planning process initiated in 2017, David T. Merrill was elected to succeed Larry D. Pinkston as the company‚Äôs Chi...",http://www.businesswire.com/news/home/20200221005064/en/Unit-Corporation-Announces-David-T.-Merrill-to-Succeed-Larry-D.-Pinkston-as-Chief-Executive-Officer-on-April-1-2020,same
3/11/20,FLGT,-34,-30.62068966,0,gnw,Fulgent Genetics Announces Promotion of Brandon Perthuis to Chief Commercial Officer,"TEMPLE CITY, Calif., March 10, 2020 (GLOBE NEWSWIRE) -- Fulgent Genetics, Inc. (NASDAQ: FLGT) (‚ÄúFulgent Genetics‚Äù or the ‚Äúcompany‚Äù), a provider of comprehensive genetic testing and Next Generation...",https://www.globenewswire.com/news-release/2020/03/10/1997926/0/en/Fulgent-Genetics-Announces-Promotion-of-Brandon-Perthuis-to-Chief-Commercial-Officer.html,prev
3/12/20,MEC,-29.3,-32.49158249,0,bw,MEC Announces Chief Operating Officer Transition,"Mayville Engineering Company (NYSE: MEC) (the ‚ÄúCompany‚Äù or ‚ÄúMEC‚Äù), a leading U.S.-based value-added manufacturing partner that provides a broad range of prototyping and tooling, production fabrication...",http://www.businesswire.com/news/home/20200312005769/en/MEC-Announces-Chief-Operating-Officer-Transition,same
3/13/20,IFMK,33.7,27.38147984,42.88879043,gnw,IFresh Appoints New Chief Financial Officer,"NEW YORK, March 12, 2020 (GLOBE NEWSWIRE) -- iFresh, Inc. (""iFresh"" or the ‚ÄúCompany"") (Nasdaq: IFMK), a leading Asian American grocery supermarket chain and online grocer, announced today that it...",https://www.globenewswire.com/news-release/2020/03/12/1999490/0/en/IFresh-Appoints-New-Chief-Financial-Officer.html,prev
3/17/20,CATS,30.9,24.74032106,25.87346553,bw,"Brandon H. LaVerne, Chief Financial Officer of $2.2 Billion Technology Solutions Provider, PCM, Inc., Joins Catasys as Chief Financial Officer","Catasys, Inc. (NASDAQ: CATS) (‚ÄúCatasys‚Äù or the ‚ÄúCompany‚Äù), a leading AI and telehealth enabled, virtualized outpatient healthcare treatment company, today announced the appointment of Mr. Brandon H. L...",http://www.businesswire.com/news/home/20200317005141/en/Brandon-H.-LaVerne-Chief-Financial-Officer-of-2.2-Billion-Technology-Solutions-Provider-PCM-Inc.-Joins-Catasys-as-Chief-Financial-Officer,same
3/18/20,CRAI,-25.9,-21.51061608,3.028193526,bw,Richard D. Booth Joins Charles River Associates (CRA) Board of Directors,"Charles River Associates (NASDAQ: CRAI), a worldwide leader in providing economic, financial, and management consulting services, announced that its Board of Directors has appointed Richard D. Booth a...",http://www.businesswire.com/news/home/20200318005367/en/Richard-D.-Booth-Joins-Charles-River-Associates-CRA-Board-of-Directors,same
3/18/20,CNTG,57.5,37.97101449,53.04347826,gnw,CENTOGENE Announces Changes in Supervisory Board,"CAMBRIDGE, Mass. and ROSTOCK, Germany and BERLIN, March 17, 2020 (GLOBE NEWSWIRE) -- CENTOGENE N.V. (Nasdaq: CNTG), a commercial-stage company focused on rare diseases that transforms real-world...",https://www.globenewswire.com/news-release/2020/03/17/2002168/0/en/CENTOGENE-Announces-Changes-in-Supervisory-Board.html,prev
3/19/20,MRCC,43.2,44.93927126,54.65587045,gnw,"Monroe Capital Corporation Announces Share Purchases by Officers, Directors and Senior Management","CHICAGO, March 18, 2020 (GLOBE NEWSWIRE) -- Monroe Capital Corporation (the ‚ÄúCompany‚Äù) (NASDAQ: MRCC) today reported the purchase of more than 237,500 shares of MRCC common stock by officers and...",https://www.globenewswire.com/news-release/2020/03/18/2002907/23734/en/Monroe-Capital-Corporation-Announces-Share-Purchases-by-Officers-Directors-and-Senior-Management.html,prev
3/26/20,LADR,92.5,75,150.9803922,bw,"Ladder Announces Michael Mazzei Has Been Appointed as Chief Executive Officer and President of Colony Credit Real Estate, Inc.","Ladder Capital Corp (‚ÄúLadder‚Äù or the ‚ÄúCompany‚Äù) (NYSE: LADR) announced today that Michael Mazzei, a member of the Company‚Äôs board of directors, has been appointed as the Chief Executive Officer and Pr...",http://www.businesswire.com/news/home/20200326005695/en/Ladder-Announces-Michael-Mazzei-Has-Been-Appointed-as-Chief-Executive-Officer-and-President-of-Colony-Credit-Real-Estate-Inc.,same
3/26/20,CLNC,56.3,52.36768802,60.44568245,bw,"Colony Credit Real Estate, Inc. Announces Michael J. Mazzei as Chief Executive Officer and President","Colony Credit Real Estate, Inc. (NYSE: CLNC) (‚ÄúColony Credit Real Estate‚Äù or the ‚ÄúCompany‚Äù) announced today that effective April 1, 2020, Michael J. Mazzei will be appointed Chief Executive Officer an...",http://www.businesswire.com/news/home/20200326005682/en/Colony-Credit-Real-Estate-Inc.-Announces-Michael-J.-Mazzei-as-Chief-Executive-Officer-and-President,same
4/9/20,RRD,30.8,24.7706422,32.11009174,bw,RRD Appoints Lisa Pruett to President of North America Packaging Solutions,"R.R. Donnelley & Sons Company (RRD) (NYSE: RRD), a leading global provider of multichannel solutions for marketing and business communications, today announced the appointment of Lisa Pruett to Pr...",http://www.businesswire.com/news/home/20200409005170/en/RRD-Appoints-Lisa-Pruett-to-President-of-North-America-Packaging-Solutions,same
4/13/20,XSPA,45.2,40.61872238,42.58738449,gnw,XpresSpa Appoints Doctor Lewis Lipsey as First Chief Medical Director for Its XpresTest Subsidiary,"NEW YORK, April 13, 2020 (GLOBE NEWSWIRE) -- XpresSpa Group, Inc. (Nasdaq: XSPA) (‚ÄúXpresSpa‚Äù or the ‚ÄúCompany‚Äù), a health and wellness company, announced today that Lewis Lipsey, MD, has joined the...",https://www.globenewswire.com/news-release/2020/04/13/2015101/0/en/XpresSpa-Appoints-Doctor-Lewis-Lipsey-as-First-Chief-Medical-Director-for-Its-XpresTest-Subsidiary.html,same
5/6/20,RMBL,41.1,30.95238095,57.14285714,bw,RumbleOn Appoints Michael Marchlik to its Board of Directors,"RumbleOn, Inc (NASDAQ: RMBL), the e-commerce company using innovative technology to simplify how dealers and consumers buy, sell, trade or finance pre-owned vehicles, today announced the appointment o...",http://www.businesswire.com/news/home/20200506005954/en/RumbleOn-Appoints-Michael-Marchlik-to-its-Board-of-Directors,same
7/10/20,SUP,22.9,29.11392405,33.5443038,bw,Superior Announces Departure of Chief Financial Officer,"Superior Industries International, Inc. (NYSE:SUP), one of the world‚Äôs leading aluminum wheel suppliers for OEMs and the European aftermarket, today announced that Matti Masanovich has resigned from h...",http://www.businesswire.com/news/home/20200709005944/en/Superior-Announces-Departure-of-Chief-Financial-Officer,prev
7/13/20,NXTC,-54.4,-35.92767296,1.965408805,gnw,NextCure Provides an Interim Update of the Phase 2 Portion of the NC318 Monotherapy Phase 1/2 Trial and Announces Departure of Chief Medical Officer,"BELTSVILLE, Md., July 13, 2020 (GLOBE NEWSWIRE) -- NextCure, Inc. (Nasdaq: NXTC), a clinical-stage biopharmaceutical company committed to discovering and developing novel, first-in-class...",https://www.globenewswire.com/news-release/2020/07/13/2061067/0/en/NextCure-Provides-an-Interim-Update-of-the-Phase-2-Portion-of-the-NC318-Monotherapy-Phase-1-2-Trial-and-Announces-Departure-of-Chief-Medical-Officer.html,same
7/13/20,NXTC,-54.4,-36.07843137,1.725490196,gnw,NextCure Provides an Interim Update of the Phase 2 Portion of the NC318 Monotherapy Phase 1/2 Trial and Announces Departure of Chief Medical Officer,"BELTSVILLE, Md., July 13, 2020 (GLOBE NEWSWIRE) -- NextCure, Inc. (Nasdaq: NXTC), a clinical-stage biopharmaceutical company committed to discovering and developing novel, first-in-class...",https://www.globenewswire.com/news-release/2020/07/13/2061067/0/en/NextCure-Provides-an-Interim-Update-of-the-Phase-2-Portion-of-the-NC318-Monotherapy-Phase-1-2-Trial-and-Announces-Departure-of-Chief-Medical-Officer.html,same
7/15/20,SALM,30.2,30.58035714,80.80357143,bw,Salem Host Appointed by President Trump,"Salem Media Group, Inc. (Nasdaq: SALM) announced today that President Donald Trump has appointed Salem Radio Network host Dr. Sebastian Gorka to the National Security Education Board. The board provid...",http://www.businesswire.com/news/home/20200715005872/en/Salem-Host-Appointed-by-President-Trump,same
9/9/20,AEHR,-23.8,-25,0,gnw,Aehr Test Systems announces changes to its Board of Directors,"FREMONT, Calif., Sept. 09, 2020 (GLOBE NEWSWIRE) -- Aehr Test Systems (NASDAQ: AEHR), a worldwide supplier of semiconductor test and reliability qualification equipment, today announced it has...",https://www.globenewswire.com/news-release/2020/09/09/2090787/11245/en/Aehr-Test-Systems-announces-changes-to-its-Board-of-Directors.html,same
10/27/20,SYNL,27.1,29.67581047,35.89775561,bw,Synalloy Announces Retirement of Craig Bram and Appointment of Chris Hutter as Interim CEO,"Synalloy Corporation (NASDAQ: SYNL) today announced that Craig Bram will retire as President and Chief Executive Officer and as a member of the Synalloy‚Äôs Board of Directors, effective as of the filin...",http://www.businesswire.com/news/home/20201027005346/en/Synalloy-Announces-Retirement-of-Craig-Bram-and-Appointment-of-Chris-Hutter-as-Interim-CEO,same
11/24/20,YJ,90.7,66.27906977,121.3178295,gnw,Yunji Announces the Signing of a Cooperative Framework Agreement with Douyin,"HANGZHOU, China, Nov. 25, 2020 (GLOBE NEWSWIRE) -- Yunji Inc. (‚ÄúYunji‚Äù or the ‚ÄúCompany‚Äù) (NASDAQ: YJ), a leading membership-based social e-commerce platform, today announced that it has signed a...",https://www.globenewswire.com/news-release/2020/11/24/2133221/0/en/Yunji-Announces-the-Signing-of-a-Cooperative-Framework-Agreement-with-Douyin.html,same
11/25/20,ELYS,59.6,59.57446809,87.94326241,bw,Elys Game Technology Announces Appointment of Senior Gaming Industry Executive Matteo Monteverdi to CEO,"Elys Game Technology, Corp. (‚ÄúElys‚Äù or the ‚ÄúCompany‚Äù) (Nasdaq:ELYS), an interactive gaming and sports betting technology company, today announced the appointment of Matteo Monteverdi as Chief Executiv...",http://www.businesswire.com/news/home/20201125005670/en/Elys-Game-Technology-Announces-Appointment-of-Senior-Gaming-Industry-Executive-Matteo-Monteverdi-to-CEO,same
12/10/20,EGHT,34.7,21.1928934,26.52284264,bw,8x8 Appoints Dave Sipes as CEO,"8x8, Inc. (NYSE: EGHT), a leading integrated cloud communications platform provider, today appointed Dave Sipes as Chief Executive Officer and member of the board of directors. The company also reaffi...",http://www.businesswire.com/news/home/20201210005290/en/8x8-Appoints-Dave-Sipes-as-CEO,same
12/23/20,WATT,36.6,27,36.5,bw,Energous Corporation Names Dan Fairfax Chairman of the Board,"Energous Corporation (Nasdaq: WATT), the developer of WattUp¬Æ, a revolutionary Wireless Charging 2.0 technology, today announced that current board director Dan Fairfax has been named chairman of the...",http://www.businesswire.com/news/home/20201222005141/en/Energous-Corporation-Names-Dan-Fairfax-Chairman-of-the-Board,prev
1/12/21,SUNW,37.2,35.19206939,39.90086741,gnw,Sunworks Names Gaylon Morris as Chief Executive Officer,"ROSEVILLE, Calif., Jan. 11, 2021 (GLOBE NEWSWIRE) -- Sunworks, Inc. (Nasdaq: SUNW), a provider of solar power solutions for agriculture, commercial and industrial (ACI), public works and residential...",https://www.globenewswire.com/news-release/2021/01/11/2156234/0/en/Sunworks-Names-Gaylon-Morris-as-Chief-Executive-Officer.html,prev
1/19/21,GEVO,72.3,24.49209932,31.82844244,gnw,"Gevo Congratulates Nobel-Prize Winner and Co-founder, Frances Arnold for Being Named to President-Elect Joe Biden‚Äôs Science Team","ENGLEWOOD, Colo., Jan. 19, 2021 (GLOBE NEWSWIRE) -- Gevo, Inc. (NASDAQ: GEVO) announced today that Frances H. Arnold, a Nobel-Prize recipient and Gevo‚Äôs Co-Founder, has been named to President-Elect...",https://www.globenewswire.com/news-release/2021/01/19/2160688/23976/en/Gevo-Congratulates-Nobel-Prize-Winner-and-Co-founder-Frances-Arnold-for-Being-Named-to-President-Elect-Joe-Biden-s-Science-Team.html,same
1/22/21,PLTR,25.4,26.03481625,26.30560928,bw,Lauren Friedman Stat Joins Palantir Board of Directors,"Palantir Technologies Inc. (NYSE:PLTR) announced today that Lauren Friedman Stat has been appointed to Palantir‚Äôs Board of Directors and Audit Committee of the Board, effective January 18, 2021. Ms. S...",http://www.businesswire.com/news/home/20210121005938/en/Lauren-Friedman-Stat-Joins-Palantir-Board-of-Directors,prev
1/26/21,PMD,34.3,31.91489362,31.91489362,gnw,"Andrew Limbek Joins Psychemedics Corporation as Vice President, Controller","ACTON, Mass., Jan. 26, 2021 (GLOBE NEWSWIRE) -- Psychemedics Corporation (NASDAQ: PMD) announced that Andrew Limbek has joined the Company as Vice President, Controller. In this important role,...",https://www.globenewswire.com/news-release/2021/01/26/2164659/0/en/Andrew-Limbek-Joins-Psychemedics-Corporation-as-Vice-President-Controller.html,same
2/4/21,GME,-42.1,-41.33128633,0.339949556,gnw,GameStop Appoints Chief Technology Officer,"GRAPEVINE, Texas, Feb. 03, 2021 (GLOBE NEWSWIRE) -- GameStop Corp. (NYSE: GME) (‚ÄúGameStop‚Äù or the ‚ÄúCompany‚Äù) today announced that it has appointed Matt Francis to the newly-created role of Chief...",https://www.globenewswire.com/news-release/2021/02/03/2169124/0/en/GameStop-Appoints-Chief-Technology-Officer.html,prev
2/5/21,BILL,32,20.02209514,23.66779309,bw,Seasoned Technology Executive Steve Fisher Joins Bill.com Board of Directors,"Bill.com (NYSE:BILL), a leading provider of cloud-based software that simplifies, digitizes and automates complex back-office financial operations for small and midsize businesses (SMBs), announced to...",http://www.businesswire.com/news/home/20210204005236/en/Seasoned-Technology-Executive-Steve-Fisher-Joins-Bill.com-Board-of-Directors,prev
2/8/21,RIOT,40.2,20.10989011,20.51282051,gnw,Riot Blockchain Announces Appointment of Jason Les as CEO and Appointment of New Director,"Castle Rock, CO, Feb. 08, 2021 (GLOBE NEWSWIRE) -- Riot Blockchain, Inc. (NASDAQ: RIOT) (""Riot‚Äù, ‚ÄúRiot Blockchain‚Äù or the ‚ÄúCompany""), one of the few NASDAQ-listed bitcoin mining companies in the...",https://www.globenewswire.com/news-release/2021/02/08/2171416/0/en/Riot-Blockchain-Announces-Appointment-of-Jason-Les-as-CEO-and-Appointment-of-New-Director.html,same
2/12/21,IO,43.4,45.72368421,75.98684211,gnw,ION announces new appointment to its Board of Directors,"HOUSTON, Feb. 11, 2021 (GLOBE NEWSWIRE) -- ION Geophysical Corporation (NYSE: IO) today announced the election of Mr. Zhang ShaoHua to its Board of Directors effective February 8, 2021.   Under an...",https://www.globenewswire.com/news-release/2021/02/11/2174565/0/en/ION-announces-new-appointment-to-its-Board-of-Directors.html,prev
2/24/21,GME,103.9,105.1677852,105.1677852,gnw,GameStop Announces Resignation of CFO and Succession Plan to Support Transformation,"GRAPEVINE, Texas, Feb. 23, 2021 (GLOBE NEWSWIRE) -- GameStop Corp. (NYSE: GME), (‚ÄúGameStop‚Äù or the ‚ÄúCompany‚Äù) today announced that Jim Bell, Executive Vice President and Chief Financial Officer,...",https://www.globenewswire.com/news-release/2021/02/23/2180940/0/en/GameStop-Announces-Resignation-of-CFO-and-Succession-Plan-to-Support-Transformation.html,prev
2/24/21,GBOX,28.6,21.51543499,26.00561272,gnw,"GreenBox POS Canadian Subsidiary, MoltoPay, Announces Onboarding of New Canadian Merchant Client","SAN DIEGO, CA, Feb. 23, 2021 (GLOBE NEWSWIRE) -- GreenBox POS (NASDAQ: GBOX) (the ‚ÄúCompany‚Äù), an emerging financial technology company leveraging proprietary blockchain security to build customized...",https://www.globenewswire.com/news-release/2021/02/23/2180503/0/en/GreenBox-POS-Canadian-Subsidiary-MoltoPay-Announces-Onboarding-of-New-Canadian-Merchant-Client.html,prev
3/10/21,AVEO,89.1,85.88807786,86.98296837,bw,AVEO Announces Appointment of Mike Ferraresso to Chief Commercial Officer,"AVEO Oncology (Nasdaq:AVEO) today announced the appointment of Mike Ferraresso to chief commercial officer. Mr. Ferraresso will be responsible for managing AVEO‚Äôs commercial strategy and operations, i...",http://www.businesswire.com/news/home/20210310006000/en/AVEO-Announces-Appointment-of-Mike-Ferraresso-to-Chief-Commercial-Officer,same
3/11/21,AVEO,-22.3,-33.31460674,2.471910112,bw,AVEO Announces Appointment of Mike Ferraresso to Chief Commercial Officer,"AVEO Oncology (Nasdaq:AVEO) today announced the appointment of Mike Ferraresso to chief commercial officer. Mr. Ferraresso will be responsible for managing AVEO‚Äôs commercial strategy and operations, i...",http://www.businesswire.com/news/home/20210310006000/en/AVEO-Announces-Appointment-of-Mike-Ferraresso-to-Chief-Commercial-Officer,prev
3/24/21,GME,-33.8,-23.82580073,5.690593746,gnw,GameStop Appoints Chief Operating Officer,"GRAPEVINE, Texas, March 23, 2021 (GLOBE NEWSWIRE) -- GameStop Corp. (NYSE: GME) (‚ÄúGameStop‚Äù or the ‚ÄúCompany‚Äù) today announced that it has appointed Jenna Owens to the role of Chief Operating...",https://www.globenewswire.com/news-release/2021/03/23/2198126/0/en/GameStop-Appoints-Chief-Operating-Officer.html,prev
